{
  "os": "macos",
  "arch": "aarch64",
  "fozzy": {
    "version": "0.1.0"
  },
  "capabilities": {
    "fs": {
      "backend": "virtual_overlay",
      "deterministic": true
    },
    "http": {
      "backend": "scripted",
      "deterministic": true
    },
    "memory": {
      "backend": "deterministic_allocator",
      "deterministic": true
    },
    "net": {
      "backend": "simulated",
      "deterministic": true
    },
    "proc": {
      "backend": "scripted",
      "deterministic": true
    },
    "rng": {
      "backend": "chacha20",
      "deterministic": true
    },
    "time": {
      "backend": "virtual",
      "deterministic": true
    }
  }
}